category,brand,model,description,url,notes
עגלות,Bugaboo,Kangaroo,עגלה המשתנה מיחיד לזוג,https://www.bugaboo.com/us-en/bugaboo-kangaroo/,
עגלות,Bugaboo,Fox 5 Renew,עגלת All-terrain איקונית עם שימוש בחומרים ברי-קיימא,https://www.bugaboo-distributor.co.il/product/fox5/,
עגלות,Bugaboo,Dragonfly,עגלת עיר קומפקטית עם קיפול ביד אחת,https://www.bugaboo-distributor.co.il/product/bugaboo-dragonfly/,
עגלות,Bugaboo,Donkey 6,עגלה רחבה הניתנת להרחבה לשני ילדים,https://www.bugaboo.com/us-en/bugaboo-donkey-6/,
עגלות,Bugaboo,Butterfly 2,טיולון קומפקטי במיוחד המאושר לעלייה למטוס,https://www.bugaboo-distributor.co.il/,
עגלות,Anex,IQ,מערכת טרנספורמר שהופכת מעריסה לטיולון ולבאגי,https://anexbaby.com/strollers/anex-iq,נמכר באתר Anex העולמי
עגלות,Anex,Eli,דגם קל משקל המשתמש בחומר EPP מתקדם,https://anexbaby.com/strollers/eli,
עגלות,Anex,Mev,דגם ארגונומי עם מתאמי גובה,https://bluretailgroup.com/en/products/anex-mev-stroller-compact-stylish,
עגלות,Anex,Flo,עגלה לכל העונות עם מערכת בלימת זעזועים משולשת,https://anexbaby.com/strollers/anex-flo,
עגלות,Anex,Air-X²,טיולון נסיעות קל עם קיפול מהיר ב-3 שניות,https://anexbaby.com/strollers/anex-air-x2,
עגלות,Cybex,Priam 4,דגם הדגל היוקרתי עם בולמי זעזועים בכל הגלגלים,https://cybexonline.co.il/collections/פריאם-priam,קולקציה
עגלות,Cybex,e-Priam,עגלה חכמה עם סיוע חשמלי בעליות ומצב נדנוד אוטומטי,https://cybexonline.co.il/collections/e-priam-עגלה-חשמלית,קולקציה
עגלות,Cybex,Gazelle S,עגלה מודולרית עם מעל 20 קונפיגורציות ליחיד או זוג,https://www.cybex-online.com/en/us/p/st-go-gazelle-s-2.html,
עגלות,Cybex,Mios 3,עגלת עיר קלה וצרה במיוחד,https://www.cybex-online.com/en/us/p/set-st-pl-mios-3-us.html,
עגלות,Cybex,Libelle 2,הטיולון הקל והקטן ביותר של המותג,https://www.cybex-online.com/en/us/p/st-go-libelle-4.html,
עגלות,UPPAbaby,Vista V3,עגלת הדגל המאפשרת הסעת עד שלושה ילדים,https://www.amazon.com/UPPAbaby-Vista-Stroller-Single-Double/dp/B0D9XSJ5X5,נמכר דרך שילב
עגלות,UPPAbaby,Cruz V3,עגלה בגודל מלא אך עם שלדה צרה ותמרון קל,https://uppababy.com/strollers/full-size/cruz-v3/,נמכר דרך שילב
עגלות,UPPAbaby,Minu V3,טיולון קומפקטי עם ביצועים של עגלה גדולה,https://uppababy.com/strollers/lightweight/minu-v3/jake/,נמכר דרך שילב
עגלות,UPPAbaby,Ridge V2,עגלת ריצה לשטח,https://uppababy.com/strollers/full-size/ridge-v2/,נמכר דרך שילב
עגלות,UPPAbaby,G-Luxe,טיולון מטרייה קל ומאובזר,https://uppababy.com/strollers/lightweight/g-luxe/,נמכר דרך שילב
עגלות,Nuna,Mixx Next,עגלת All-terrain עם קיפול קומפקטי,https://nunababy.com/usa/mixx-next-compact-stroller?color_ref=16693,נמכר דרך מפיצים שונים
עגלות,Nuna,Demi Icon,עגלה מודולרית עם יכולת נשיאה גבוהה ובולמי זעזועים מתכווננים,https://nunababy.com/usa/demi-icon-stroller?color_ref=16366,נמכר דרך מפיצים שונים
עגלות,Nuna,Triv Next,עגלת עיר קלה במיוחד עם קיפול קומפקטי,https://nunababy.com/usa/triv-next-stroller?color_ref=16693,נמכר דרך מפיצים שונים
עגלות,Nuna,TRVL lx,טיולון עם קיפול עצמי אוטומטי,https://nunababy.com/usa/trvl-lx-stroller?color_ref=16366,נמכר דרך מפיצים שונים
עגלות,Nuna,Swiv,טיולון קל משקל עם גלגלים המסתובבים 360 מעלות לתמרון מקסימלי,https://nunababy.com/usa/swiv-stroller?color_ref=16693,נמכר דרך מפיצים שונים
כיסאות בטיחות,Cybex,Cloud T,סלקל מסתובב,https://orbitbaby.com/blogs/news/cybex-cloud-t-stroller-review,
כיסאות בטיחות,Cybex,Sirona S,כיסא מסתובב 360,https://www.cybex-online.com/en/us/p/cs-go-sirona-s-sensorsafe-3.html,
כיסאות בטיחות,Cybex,Solution Z-Fix,בוסטר,https://www.cybex-online.com/en/us/p/cs-pl-solution-z-fix.html,
כיסאות בטיחות,Cybex,Aton G,סלקל,https://www.cybex-online.com/en/us/p/cs-go-aton-g.html,
כיסאות בטיחות,Cybex,Anoris T2,כיסא עם כרית אוויר מובנית,https://www.cybex-online.com/en/row/anoris-t2-i-size-platinum.html,
כיסאות בטיחות,Nuna,Pipa Urbn,סלקל ללא בסיס,https://nunababy.com/en/pipa-urbn-infant-car-seat,נמכר דרך מפיצים שונים
כיסאות בטיחות,Nuna,Pipa Aire RX,סלקל קל משקל,https://nunababy.com/usa/pipa-aire-rx?color_ref=16693,נמכר דרך מפיצים שונים
כיסאות בטיחות,Nuna,Rava Next,כיסא בטיחות מתקדם,https://www.sweetpbaby.com/products/nuna-rava%E2%84%A2-next,נמכר דרך מפיצים שונים
כיסאות בטיחות,Nuna,Revv Maxx,כיסא מסתובב,https://www.prnewswire.com/news-releases/nuna-debuts-revv-maxx-302713484.html,נמכר דרך מפיצים שונים
כיסאות בטיחות,Nuna,Exec Next,כיסא All-in-One לכל הגילאים,https://nunababy.com/usa/exec-next-all-in-one-car-seat?color_ref=16693,נמכר דרך מפיצים שונים
כיסאות בטיחות,UPPAbaby,Aria V2,"הסלקל הקל ביותר (כ-2.7 ק""ג)",https://uppababy.com/car-seats/infant/aria-v2/,נמכר דרך שילב
כיסאות בטיחות,UPPAbaby,Mesa V3,סלקל בטיחותי,https://uppababy.com/car-seats/infant/mesa-v3/,נמכר דרך שילב
כיסאות בטיחות,UPPAbaby,Rove,כיסא בטיחות רב-שלבי,https://uppababy.com/car-seats/convertible/rove/,נמכר דרך שילב
כיסאות בטיחות,UPPAbaby,Alta V2,בוסטר גב,https://uppababy.com/support/alta/,נמכר דרך שילב
כיסאות בטיחות,UPPAbaby,Mesa V2,סלקל,https://uppababy.ca/car-seats/infant/mesa-v2/,נמכר דרך שילב
כיסאות בטיחות,Chicco,Fit 360,הכיסא המסתובב (המלצת קרין),https://www.target.com/p/chicco-fit360-cleartex-rotating-convertible-car-seat-obsidian/-/A-94371984,
כיסאות בטיחות,Chicco,NextFit Zip,כיסא בטיחות,https://www.target.com/s/chicco+nextfit+zip,
כיסאות בטיחות,Chicco,KeyFit 35,סלקל,https://www.chiccousa.com/shop-our-products/car-seats/infant/keyfit-35-infant-car-seat/79625.html,
כיסאות בטיחות,Chicco,MyFit,כיסא בטיחות,https://www.chiccousa.com/,
כיסאות בטיחות,Chicco,KidFit,בוסטר,https://www.chiccousa.com/,
כיסאות בטיחות,Bugaboo,Turtle Air Shield,סלקל בשיתוף נונה,https://www.bugaboo.com/us-en/car-seat/bugaboo-turtle-air-shield-by-nuna-car-seat-400016MI.html,
כיסאות בטיחות,Bugaboo,Owl,כיסא בטיחות,https://www.bugaboo.com/,
לולים ועריסות,Nuna,Sena Aire,לול קמפינג עם אוורור 360 מעלות,https://nunababy.com/usa/,נמכר דרך מפיצים שונים
לולים ועריסות,Nuna,Sena Aire + Changer,כולל משטח החתלה,https://www.babylist.com/gp/nuna-sena-aire-travel-crib-with-changer/26984/2127207,נמכר דרך מפיצים שונים
לולים ועריסות,Nuna,Cove Aire,לול,https://www.piccolinobaby.com/collections/nuna-cove-aire,נמכר דרך מפיצים שונים
לולים ועריסות,Nuna,Paal,עריסה,https://nunababy.com/en/,נמכר דרך מפיצים שונים
לולים ועריסות,Nuna,Leaf Grow,טרמפולינה המותאמת לשימוש ארוך טווח,https://www.potterybarnkids.com/products/nuna-leaf-grow/,נמכר דרך מפיצים שונים
לולים ועריסות,UPPAbaby,Remi Playard,לול מתקפל קל,https://uppababy.com/at-home/playard/remi/,נמכר דרך שילב
לולים ועריסות,UPPAbaby,Remi Changing Station,מתאם החתלה,https://uppababy.com/accessories/at-home-accessories/changing-station-for-remi/,נמכר דרך שילב
לולים ועריסות,UPPAbaby,Remi Organizer,אורגנייזר,https://www.amazon.com/Changing-Station-Organizer-for-REMI/dp/B0B6D5L4D1,נמכר דרך שילב
לולים ועריסות,UPPAbaby,Remi Sheet,סדין,https://www.amazon.com/uppababy-remi-sheet/s?k=uppababy+remi+sheet,נמכר דרך שילב
לולים ועריסות,UPPAbaby,Soma,עריסה חכמה,https://uppababy.com/,נמכר דרך שילב
לולים ועריסות,Bugaboo,Stardust Playard,לול מתקפל תוך שניות,https://www.amazon.com/Bugaboo-Stardust-Playard-Portable-Foldable/dp/B0CSGS8L2Y,
לולים ועריסות,Sport Line,עריסת נועה,עריסה,https://sport-line.co.il/,
לולים ועריסות,Sport Line,עריסת עלמה,עריסה,https://www.bsbebe.co.il/product/%D7%A2%D7%A8%D7%99%D7%A1%D7%94-%D7%A0%D7%A6%D7%9E%D7%93%D7%AA-%D7%95%D7%9E%D7%AA%D7%97%D7%91%D7%A8%D7%AA-%D7%93%D7%92%D7%9D-%D7%A2%D7%9C%D7%9E%D7%94-alma-%D7%90%D7%A4%D7%95%D7%A8-%E2%80%93-%D7%A1%D7%A4%D7%95%D7%A8%D7%98-%D7%9C%D7%99%D7%99%D7%9F-sportline,
לולים ועריסות,Sport Line,עריסה עם גלגלים,עריסה ניידת,https://sport-line.co.il/brand/sportline/,
לולים ועריסות,Sport Line,עריסה מתחברת,עריסה צמודה למיטה,https://www.shilav.co.il/collections/sport-line,
לולים ועריסות,Sport Line,מיטת עץ סטנדרטית,מיטת תינוק,https://www.shilav.co.il/collections/sport-line-main,
לולים ועריסות,Storkcraft,Casablanca 5-in-1,מיטה מתפתחת,https://www.storkcraft.com/products/storkcraft%C2%AE-casablanca-deluxe-5-in-1-convertible-crib-with-drawer,
לולים ועריסות,Storkcraft,Alpine,מיטת תינוק,https://www.storkcraft.com/collections/alpine-collection,
לולים ועריסות,Storkcraft,Morningside,מיטת תינוק,https://www.storkcraft.com/collections/morningside-collection,
לולים ועריסות,Storkcraft,Horizon,מיטת תינוק,https://www.kohls.com/product/prd-6349166/storkcraft-horizon-5-in-1-convertible-crib.jsp,
לולים ועריסות,Storkcraft,Pasadena,מיטת תינוק,https://www.storkcraft.com/products/storkcraft%C2%AE-pasadena-3-in-1-convertible-crib,
כיסאות אוכל,Cybex,Lemo 3-in-1,מערכת שלמה,https://www.strollerscribs.com/products/cybex-lemo-3-in-1/,
כיסאות אוכל,Cybex,Lemo Chair,כיסא בסיס,https://www.amazon.com/Cybex-LEMO-High-Chair-Snack/dp/B0BTZBBPGQ,
כיסאות אוכל,Cybex,Lemo Training Tower,מגדל למידה,https://www.cybex-online.com/en/us/p/ac-go-lemo-training-tower.html,
כיסאות אוכל,Cybex,Lemo Bouncer,טרמפולינה המתחברת לכיסא,https://www.potterybarnkids.com/products/cybex-lemo-2-baby-bouncer/,
כיסאות אוכל,Cybex,Click & Fold,כיסא מתקפל,https://www.cybex-online.com/en/us/strollers/,
כיסאות אוכל,Bugaboo,Giraffe Newborn Set,לניובורן,https://strolleria.com/products/bugaboo-giraffe-newborn-set?variant=40273176756298,
כיסאות אוכל,Bugaboo,Giraffe Baby Set,לתינוקות יושבים,https://strolleria.com/products/bugaboo-giraffe-baby-set,
כיסאות אוכל,Bugaboo,Giraffe Junior Set,לילדים גדולים,https://www.bugaboo.com/,
כיסאות אוכל,Bugaboo,Giraffe Chair,כיסא בסיס,https://www.target.com/p/bugaboo-giraffe-adjustable-wooden-baby-high-chair-white/-/A-94797882,
כיסאות אוכל,Bugaboo,Giraffe Complete Bundle,חבילה מלאה,https://www.bugaboo.com/,
כיסאות אוכל,Nuna,Zaaz,כיסא מודרני,https://nunababy.com/en/zaaz-high-chair,נמכר דרך מפיצים שונים
כיסאות אוכל,UPPAbaby,Ciro High Chair,עיצוב נקי וקל לניקוי,https://www.nordstrom.com/s/uppababy-ciro-highchair/7777515,נמכר דרך שילב
כיסאות אוכל,Stokke,Tripp Trapp,הכיסא הקלאסי,https://www.stokke.com/,
כיסאות אוכל,Stokke,Steps,כיסא אוכל,https://www.stokke.com/,
כיסאות אוכל,Stokke,Clikk,כיסא אוכל,https://www.stokke.com/USA/en-us/home,
כיסאות אוכל,Stokke,Nomi,כיסא אוכל,https://strolleria.com/products/stokke-nomi-chair,
כיסאות אוכל,Stokke,Home,כיסא אוכל,https://stokke-pwa-production.mobify-storefront.com/en-gb/home,
שידות והחתלה,Storkcraft,Casablanca 3 Drawer,שידת 3 מגירות,https://www.storkcraft.com/products/storkcraft%C2%AE-casablanca%E2%84%A2-3-drawer-chest-with-removable-changing-table-topper,
שידות והחתלה,Storkcraft,Casablanca 6 Drawer,שידת 6 מגירות,https://www.storkcraft.com/products/storkcraft%C2%AE-casablanca-6-drawer-dresser,
שידות והחתלה,Storkcraft,Nest,משטח החתלה,https://www.storkcraft.com/,
שידות והחתלה,Storkcraft,Kenton,שידה,https://www.ashleyfurniture.com/p/storkcraft_kenton_6_drawer_double_dresser/B600011758.html,
שידות והחתלה,Storkcraft,Alpine,שידה,https://www.target.com/p/storkcraft-alpine-nursery-furniture-collection/-/A-76500721,
שידות והחתלה,Graco,Sasha,שידה,https://www.storkcraft.com/collections/graco%C2%AE-sasha-collection,
שידות והחתלה,Graco,Teddi,שידה,https://www.storkcraft.com/products/graco%C2%AE-teddi%C2%AE-power-recliner,
שידות והחתלה,Graco,Noah,שידה,https://www.graco.com/us/en/support/parts-search.html,
שידות והחתלה,Graco,Story,שולחן החתלה,https://www.gracobaby.com/,
שידות והחתלה,Graco,Benton,שולחן החתלה,https://www.graco.com/us/en/how-to-buy/find-a-distributor.html,
שידות והחתלה,Delta Children,Wilmington,שולחן החתלה,https://www.deltachildren.com/,
שידות והחתלה,Delta Children,Hayes,שידה,https://www.deltachildren.com/,
שידות והחתלה,Delta Children,Eclipse,שולחן החתלה,https://www.deltachildren.com/,
שידות והחתלה,Delta Children,Flat Top,שולחן החתלה,https://www.deltachildren.com/,
שידות והחתלה,Delta Children,Spencer,שידה,https://www.target.com/p/delta-children-spencer-6-in-1-convertible-crib/-/A-90898937,
שידות והחתלה,Dream On Me,Emily,שולחן החתלה,https://dreamonme.com/,
שידות והחתלה,Dream On Me,Ashton,שולחן החתלה,https://www.dreamonmecrib.com/product/ashton-4-in-1-convertible-crib-in-natural-greenguard-gold-jpma-certified-non-toxic-finishes-features-4-mattress-height-settings-made-of-solid-pinewoodcherry/,
שידות והחתלה,Dream On Me,Owen,שולחן החתלה,https://dreamonme.com/,
שידות והחתלה,Dream On Me,Ridgefield,שולחן החתלה,https://www.bedbathandbeyond.com/Baby/Dream-On-Me-Ridgefield-5-In-1-Convertible-crib/28964582/product.html,
שידות והחתלה,Dream On Me,Bayfield,שולחן החתלה,https://dreamonme.com/,
שידות והחתלה,Child Craft,Universal,משטח החתלה,https://www.amazon.com/stores/ChildCraft/page/6BCDD05F-B90E-483C-AC94-63392876290B,
שידות והחתלה,Child Craft,Flat Top,שולחן החתלה,https://www.wayfair.com/baby-kids/pdp/child-craft-hampton-flat-top-2-piece-nursery-furniture-set-w006994627.html,
שידות והחתלה,Child Craft,Abbott,שולחן החתלה,https://abbottstore.com/infant-and-child.html,
שידות והחתלה,Child Craft,Jayden,שולחן החתלה,https://www.amazon.com/stores/ChildCraft/page/6BCDD05F-B90E-483C-AC94-63392876290B,
